direction,E_GPa,delta_mid_mm
<100>,130.13196864111498,1.921126703995877
<110>,169.10118892084893,1.4784047444930581
<111>,187.85258643795234,1.3308307579921184
